{
  "layer": 0,
  "part": "mlp_up",
  "topk": 128,
  "regions_requested": 12,
  "min_coverage": 0.8,
  "coverage_kept": 1.0,
  "total_tokens": 3659,
  "selected_neurons": [
    277,
    23,
    496,
    27,
    2,
    16,
    0,
    9,
    7,
    3,
    6,
    29,
    18,
    244,
    171,
    127,
    55,
    159,
    12,
    21,
    199,
    207,
    146,
    268,
    182,
    147,
    137,
    24,
    144,
    197,
    41,
    225,
    125,
    128,
    129,
    72,
    245,
    73,
    243,
    132,
    170,
    148,
    151,
    181,
    153,
    167,
    208,
    122,
    265,
    183,
    46,
    204,
    220,
    194,
    145,
    13,
    305,
    191,
    156,
    162,
    5,
    106,
    259,
    234,
    184,
    188,
    172,
    15,
    105,
    157,
    218,
    261,
    175,
    276,
    79,
    92,
    139,
    138,
    119,
    241,
    198,
    130,
    256,
    202,
    227,
    180,
    229,
    53,
    44,
    134,
    214,
    118,
    143,
    176,
    379,
    311,
    378,
    322,
    126,
    163,
    19,
    164,
    161,
    33,
    89,
    210,
    357,
    271,
    221,
    826,
    206,
    289,
    187,
    1012,
    107,
    570,
    110,
    327,
    879,
    230,
    368,
    523,
    505,
    83,
    647,
    360,
    203,
    297
  ],
  "regions": [
    {
      "mask": "00010100001110110111100001001000010101001010100100101110110110101001011001001110100101110001110111110100101110111000101110011001",
      "count": 214,
      "coverage": 0.05848592511615196,
      "samples": 64,
      "mse": 2.674340681904381e-14,
      "nmse": 0.02674340681904381,
      "r2": 0.9732565931809561,
      "in_dim": 128,
      "out_dim": 3072,
      "smv": "0 (в локе 'LokaC7_mult')",
      "terms": {}
    },
    {
      "mask": "00000100011110111111111001101000011101011000100101001111110111101000100001011110000010111100110111110101001111101101101010011011",
      "count": 189,
      "coverage": 0.051653457228751025,
      "samples": 64,
      "mse": 3.1395262637453486e-14,
      "nmse": 0.0313805404833693,
      "r2": 0.9686194595166306,
      "in_dim": 128,
      "out_dim": 3072,
      "smv": "0 (в локе 'LokaC7_mult')",
      "terms": {}
    },
    {
      "mask": "00001111101110111111000000000000010111111000101101101010110110100001010000001110100101111110010110010011010110111000100110011001",
      "count": 844,
      "coverage": 0.23066411587865537,
      "samples": 64,
      "mse": 3.9604604318288494e-14,
      "nmse": 0.039604604318288494,
      "r2": 0.9603953956817115,
      "in_dim": 128,
      "out_dim": 3072,
      "smv": "0 (в локе 'LokaC7_mult')",
      "terms": {}
    },
    {
      "mask": "00001111101110111111010000000000001111111000101111001010110100111101010101001110100101111110000110110000100110111000010011111011",
      "count": 323,
      "coverage": 0.08827548510522,
      "samples": 64,
      "mse": 6.186234657130571e-14,
      "nmse": 0.06069837554607307,
      "r2": 0.939301624453927,
      "in_dim": 128,
      "out_dim": 3072,
      "smv": "0 (в локе 'LokaC7_mult')",
      "terms": {}
    },
    {
      "mask": "00001111101110111111010000100000001101111000100011001011100110111001110101001111101101010110100111110110100110100101110010011011",
      "count": 180,
      "coverage": 0.04919376878928669,
      "samples": 64,
      "mse": 1.1926386527666422e-13,
      "nmse": 0.11413667080597525,
      "r2": 0.8858633291940248,
      "in_dim": 128,
      "out_dim": 3072,
      "smv": "0 (в локе 'LokaC7_mult')",
      "terms": {}
    },
    {
      "mask": "00001111101110111110000000100000011101110000100111100111111100101000110110001010001110100110000110010100100110111011010001011011",
      "count": 563,
      "coverage": 0.15386717682426893,
      "samples": 64,
      "mse": 7.747752092668314e-14,
      "nmse": 0.07480965289905928,
      "r2": 0.9251903471009407,
      "in_dim": 128,
      "out_dim": 3072,
      "smv": "0 (в локе 'LokaC7_mult')",
      "terms": {}
    },
    {
      "mask": "00001111101110111111000000000000011111111000101111011010110100111001101111001110000111001110000011010010000110110001011010011111",
      "count": 200,
      "coverage": 0.05465974309920743,
      "samples": 46,
      "mse": 1.1138905769980667e-10,
      "nmse": 9.163240481598207e-07,
      "r2": 0.9999990836759518,
      "in_dim": 128,
      "out_dim": 3072,
      "smv": "0 (в локе 'LokaC7_mult')",
      "terms": {}
    },
    {
      "mask": "00001111101110111111000000000000001101110000100101110111110010001001000000001010001101110110100111010110000110111011100001001011",
      "count": 382,
      "coverage": 0.10440010931948619,
      "samples": 44,
      "mse": 1.2669431725953473e-08,
      "nmse": 0.00017515104666518638,
      "r2": 0.9998248489533348,
      "in_dim": 128,
      "out_dim": 3072,
      "smv": "0 (в локе 'LokaC7_mult')",
      "terms": {}
    },
    {
      "mask": "00011110011100110111100001010000011101111010000001100010100101100001110001000111001110100111111100101000111010011111100000010011",
      "count": 316,
      "coverage": 0.08636239409674774,
      "samples": 39,
      "mse": 5.073668807135945e-13,
      "nmse": 0.5073668807135945,
      "r2": 0.4926331192864055,
      "in_dim": 128,
      "out_dim": 3072,
      "smv": "0 (в локе 'LokaC7_mult')",
      "terms": {}
    }
  ]
}