{
  "layer": 0,
  "part": "mlp_gate",
  "topk": 128,
  "regions_requested": 12,
  "min_coverage": 0.8,
  "coverage_kept": 1.0,
  "total_tokens": 3659,
  "selected_neurons": [
    277,
    23,
    496,
    27,
    2,
    16,
    0,
    9,
    7,
    3,
    6,
    29,
    18,
    244,
    171,
    127,
    55,
    159,
    12,
    21,
    199,
    207,
    146,
    268,
    182,
    147,
    137,
    24,
    144,
    197,
    41,
    225,
    125,
    128,
    129,
    72,
    245,
    73,
    243,
    132,
    170,
    148,
    151,
    181,
    153,
    167,
    208,
    122,
    265,
    183,
    46,
    204,
    220,
    194,
    145,
    13,
    305,
    191,
    156,
    162,
    5,
    106,
    259,
    234,
    184,
    188,
    172,
    15,
    105,
    157,
    218,
    261,
    175,
    276,
    79,
    92,
    139,
    138,
    119,
    241,
    198,
    130,
    256,
    202,
    227,
    180,
    229,
    53,
    44,
    134,
    214,
    118,
    143,
    176,
    379,
    311,
    378,
    322,
    126,
    163,
    19,
    164,
    161,
    33,
    89,
    210,
    357,
    271,
    221,
    826,
    206,
    289,
    187,
    1012,
    107,
    570,
    110,
    327,
    879,
    230,
    368,
    523,
    505,
    83,
    647,
    360,
    203,
    297
  ],
  "regions": [
    {
      "mask": "00000000000000000000000000000000000000000000000000000000000000000000000000000000000000000000000000000000000000000000000000000000",
      "count": 2550,
      "coverage": 0.6969117245148948,
      "samples": 64,
      "mse": 1.963661088666413e-05,
      "nmse": 0.00010418032236576162,
      "r2": 0.9998958196776342,
      "in_dim": 128,
      "out_dim": 3072,
      "smv": "(0.0800502747297287)*P0_C7m + (-0.04381721094250679)*P1_C7m + (0.04215366020798683)*P2_C7m + (-0.09751847386360168)*P4_C7m + (0.11433235555887222)*P5_C7m (в локе 'LokaC7_mult')",
      "terms": {
        "P5_C7m": 0.11433235555887222,
        "P4_C7m": -0.09751847386360168,
        "P0_C7m": 0.0800502747297287,
        "P1_C7m": -0.04381721094250679,
        "P2_C7m": 0.04215366020798683
      }
    },
    {
      "mask": "00000000000000000000000000000000000000000000000000000000000000000000000000000000000000000000000000000000000000000000001000000000",
      "count": 159,
      "coverage": 0.04345449576386991,
      "samples": 64,
      "mse": 1.5407451883220347e-06,
      "nmse": 0.000216105056892614,
      "r2": 0.9997838949431074,
      "in_dim": 128,
      "out_dim": 3072,
      "smv": "(-0.03376875817775726)*P0_C7m + (0.039030250161886215)*P1_C7m + (-0.027123330160975456)*P4_C7m + (-0.08441025018692017)*P5_C7m + (0.06851603090763092)*P6_C7m (в локе 'LokaC7_mult')",
      "terms": {
        "P5_C7m": -0.08441025018692017,
        "P6_C7m": 0.06851603090763092,
        "P1_C7m": 0.039030250161886215,
        "P0_C7m": -0.03376875817775726,
        "P4_C7m": -0.027123330160975456
      }
    },
    {
      "mask": "00000000000000010000000000000000000100000000000000000000000000000000010000000000000000000001010000010000010100000000000000000000",
      "count": 81,
      "coverage": 0.02213719595517901,
      "samples": 64,
      "mse": 2.555364915224345e-07,
      "nmse": 0.00020247447198822483,
      "r2": 0.9997975255280118,
      "in_dim": 128,
      "out_dim": 3072,
      "smv": "0 (в локе 'LokaC7_mult')",
      "terms": {}
    },
    {
      "mask": "00000000000000010000000010000010000000000000000000100000000000000000010000000000000000000000010000000000010100000000000000010000",
      "count": 102,
      "coverage": 0.02787646898059579,
      "samples": 64,
      "mse": 2.138681484513405e-13,
      "nmse": 0.2138681484513405,
      "r2": 0.7861318515486595,
      "in_dim": 128,
      "out_dim": 3072,
      "smv": "(0.01739978976547718)*P4_C7m (в локе 'LokaC7_mult')",
      "terms": {
        "P4_C7m": 0.01739978976547718
      }
    },
    {
      "mask": "00000000000000010000000010000000000000000000000000000000000000000000010000000000000000000000010000000000010100000000000000000000",
      "count": 136,
      "coverage": 0.03716862530746105,
      "samples": 64,
      "mse": 1.3095668755132295e-13,
      "nmse": 0.13080755517415002,
      "r2": 0.86919244482585,
      "in_dim": 128,
      "out_dim": 3072,
      "smv": "0 (в локе 'LokaC7_mult')",
      "terms": {}
    }
  ]
}