{
  "layer": 0,
  "part": "mlp_down",
  "topk": 128,
  "regions_requested": 12,
  "min_coverage": 0.8,
  "coverage_kept": 1.0,
  "total_tokens": 3659,
  "selected_neurons": [
    1301,
    1090,
    178,
    1224,
    2914,
    144,
    2634,
    2946,
    202,
    1957,
    13,
    309,
    1256,
    796,
    80,
    18,
    0,
    1674,
    792,
    2109,
    2331,
    67,
    2942,
    718,
    2674,
    63,
    1075,
    2562,
    1524,
    347,
    2648,
    210,
    448,
    690,
    1124,
    281,
    397,
    594,
    83,
    351,
    845,
    41,
    794,
    212,
    512,
    519,
    1258,
    971,
    4,
    390,
    16,
    2016,
    817,
    1567,
    2514,
    1638,
    1161,
    88,
    91,
    1199,
    2222,
    54,
    919,
    886,
    3061,
    474,
    1061,
    866,
    2169,
    94,
    2932,
    2442,
    251,
    2475,
    1337,
    1187,
    345,
    1,
    2738,
    295,
    1570,
    2818,
    944,
    2718,
    614,
    2781,
    1411,
    47,
    262,
    564,
    49,
    1761,
    392,
    635,
    1388,
    476,
    253,
    925,
    2229,
    1478,
    1270,
    96,
    1453,
    44,
    679,
    603,
    1193,
    1356,
    2491,
    368,
    844,
    2682,
    1982,
    231,
    14,
    922,
    389,
    409,
    861,
    1844,
    1869,
    1618,
    742,
    1318,
    2471,
    66,
    6,
    1076
  ],
  "regions": [
    {
      "mask": "11000101010100010000011111000010100111010010000010011001000011101100110111001111110000011001001001110000000011000010111010011110",
      "count": 483,
      "coverage": 0.13200327958458596,
      "samples": 64,
      "mse": 9.223912662858526e-15,
      "nmse": 0.009223912662858526,
      "r2": 0.9907760873371415,
      "in_dim": 128,
      "out_dim": 1024,
      "smv": "0 (в локе 'LokaC7_mult')",
      "terms": {}
    },
    {
      "mask": "11000001011100111000010101111000111111010010010000111101100111000011001110100100011111010101111100110000101100010000011111110111",
      "count": 231,
      "coverage": 0.06313200327958458,
      "samples": 64,
      "mse": 2.20994589002297e-14,
      "nmse": 0.022095710399976997,
      "r2": 0.977904289600023,
      "in_dim": 128,
      "out_dim": 1024,
      "smv": "0 (в локе 'LokaC7_mult')",
      "terms": {}
    },
    {
      "mask": "11000101010100110110011111000010000001010011100010000001000011111110110111010111111100010000000001101001010001000011100100100111",
      "count": 172,
      "coverage": 0.04700737906531839,
      "samples": 64,
      "mse": 7.851399109852497e-15,
      "nmse": 0.007829982483406597,
      "r2": 0.9921700175165934,
      "in_dim": 128,
      "out_dim": 1024,
      "smv": "0 (в локе 'LokaC7_mult')",
      "terms": {}
    },
    {
      "mask": "11000001011100111000010100000011000000011101001000100001110110001100001000100010001100110111110110110110001011110110100101010111",
      "count": 415,
      "coverage": 0.11341896693085543,
      "samples": 64,
      "mse": 1.5564736931500227e-14,
      "nmse": 0.015449299927197783,
      "r2": 0.9845507000728022,
      "in_dim": 128,
      "out_dim": 1024,
      "smv": "0 (в локе 'LokaC7_mult')",
      "terms": {}
    },
    {
      "mask": "11000001001100110000010101100001001010011100101101111101111100001101001010001110101101110011000010110110010001100101100011000101",
      "count": 230,
      "coverage": 0.06285870456408856,
      "samples": 64,
      "mse": 1.3234472545642362e-11,
      "nmse": 13.002168619292888,
      "r2": -12.002168619292888,
      "in_dim": 128,
      "out_dim": 1024,
      "smv": "0 (в локе 'LokaC7_mult')",
      "terms": {}
    },
    {
      "mask": "11000001011100110101010100000010100001011101001011100001100110111101011100011010001111010000000000001110001111100111011111100111",
      "count": 574,
      "coverage": 0.15687346269472532,
      "samples": 64,
      "mse": 2.351666360559876e-14,
      "nmse": 0.02326255540807489,
      "r2": 0.9767374445919251,
      "in_dim": 128,
      "out_dim": 1024,
      "smv": "0 (в локе 'LokaC7_mult')",
      "terms": {}
    },
    {
      "mask": "11001001110100110100111101010011110011000101100000010101011001110011111100000011011000110010100111010100101000000111011111010110",
      "count": 459,
      "coverage": 0.12544411041268105,
      "samples": 39,
      "mse": 3.16526577389157e-15,
      "nmse": 0.00316526577389157,
      "r2": 0.9968347342261085,
      "in_dim": 128,
      "out_dim": 1024,
      "smv": "0 (в локе 'LokaC7_mult')",
      "terms": {}
    },
    {
      "mask": "11000001011100110010010000100010100011111111011101111101111110100001001011100010011110100011100110010010100010111000011101111101",
      "count": 174,
      "coverage": 0.04755397649631047,
      "samples": 35,
      "mse": 3.5407520471153475e-08,
      "nmse": 0.0008932108206855518,
      "r2": 0.9991067891793145,
      "in_dim": 128,
      "out_dim": 1024,
      "smv": "0 (в локе 'LokaC7_mult')",
      "terms": {}
    },
    {
      "mask": "11000001010100010000011101010000001001010000010100100000110001011100001100111010101100100110100011100010001101110001111010110100",
      "count": 621,
      "coverage": 0.1697185023230391,
      "samples": 32,
      "mse": 4.357375073417826e-15,
      "nmse": 0.004357375073417826,
      "r2": 0.9956426249265822,
      "in_dim": 128,
      "out_dim": 1024,
      "smv": "0 (в локе 'LokaC7_mult')",
      "terms": {}
    }
  ]
}