{
  "before": {
    "apc": 0.2061553492916463,
    "phi": 2.1467549799530254,
    "var2": 0.026964499770171364,
    "var3": 0.038850174399216175
  },
  "after": {
    "apc": 0.19491939423546653,
    "phi": 2.1467549799530254,
    "var2": 0.026964499770171364,
    "var3": 0.038850174399216175
  }
}