{
  "steps": 300,
  "seq_len": 512,
  "batch_size": 1,
  "accum": 4,
  "lr": 0.0005,
  "mu": 0.02,
  "lambda_init": 0.15,
  "final_lambda": [
    0.17052802443504333
  ],
  "mean_loss": 15.91506678422292,
  "mean_lm": 15.83625688314438,
  "mean_off": 3.940494958957036,
  "time_s": 5739.374308109283
}