{
  "apc": 0.18873147695815015,
  "phi": 3.944444109507185,
  "var2": 0.07521845103155501,
  "var3": 0.11013926193582074,
  "total": 6141,
  "ok": 1159
}