{
  "before": {
    "phi": 3.944444109507185,
    "var2": 0.07521845103155501,
    "var3": 0.11013926193582074
  }
}