{
  "steps": 600,
  "seq_len": 512,
  "batch_size": 1,
  "accum": 4,
  "lr": 0.0005,
  "mu": 0.02,
  "lambda_init": 0.15,
  "final_lambda": [
    0.14126279950141907
  ],
  "mean_loss": 15.918204795916875,
  "mean_lm": 15.900868168274561,
  "mean_off": 0.866831824456652,
  "time_s": 6244.861288070679
}