{
  "before": {
    "phi": 3.2986722862692828,
    "var2": 0.053567972185442576,
    "var3": 0.07832437888285813
  }
}