{
  "steps": 300,
  "seq_len": 512,
  "batch_size": 1,
  "accum": 4,
  "lr": 0.0005,
  "mu": 0.02,
  "lambda_init": 0.15,
  "final_lambda": [
    0.1524079442024231
  ],
  "mean_loss": 15.901375420093537,
  "mean_lm": 15.896196282704672,
  "mean_off": 0.25895710329214733,
  "time_s": 11372.935309171677
}