{
  "before": {
    "phi": 2.1467549799530254,
    "var2": 0.026964499770171364,
    "var3": 0.038850174399216175
  }
}