{
  "steps": 600,
  "seq_len": 512,
  "batch_size": 1,
  "accum": 4,
  "lr": 0.0005,
  "mu": 0.01,
  "lambda_init": 0.1,
  "final_lambda": [
    0.1313391625881195
  ],
  "mean_loss": 15.8947097158432,
  "mean_lm": 15.850963965654373,
  "mean_off": 4.374576270182928,
  "time_s": 12319.049047708511
}