{
  "steps": 200,
  "seq_len": 512,
  "batch_size": 1,
  "accum": 4,
  "lr": 0.0005,
  "mu": 0.01,
  "lambda_init": 0.1,
  "final_lambda": [
    0.10962539166212082
  ],
  "mean_loss": 15.899652367830276,
  "mean_lm": 15.854889298677444,
  "mean_off": 4.476307691335678,
  "time_s": 5723.786956071854
}